phsa.edu.pk|25|infos@phsa.edu.pk|anon812
shoutradio.org.uk|25|jim.douglas@shoutradio.org.uk|anon812
abkestaters.com|25|ahmed@abkestaters.com|anon812
1v1theworld.com|25|michael@1v1theworld.com|anon812t
lozatecho.com.mx|25|sistemas@lozatecho.com.mx|anon812
ig-hochstammobst.ch|25|info@ig-hochstammobst.ch|anon812
lynnquestell.com|25|lynn@lynnquestell.com|anon812
tazxpinkhollyhock.com|25|mm@pinkhollyhock.com|anon812tazx
tazxpreciouspetsremembered.com|25|marcie@preciouspetsremembered.com|anon812
tazxrustyrussell.com|25|pix@rustyrussell.com|anon812
geraldbusinge.com|25|gb@geraldbusinge.com|anon812
